{
  "users": [
    {
      "credentials": {
        "name": "Eduard",
        "password": "secret",
        "accountType": "standard",
        "country": "Romania",
        "balance": "200"
      }
    },
    {
      "credentials": {
        "name": "Mihail",
        "password": "discret",
        "accountType": "premium",
        "country": "Russia",
        "balance": "1337"
      }
    }
  ],
  "movies": [
    {
      "name": "John Wick: Chapter 3 - Parabellum",
      "year": 2019,
      "duration": 131,
      "genres": [
        "Action",
        "Thriller",
        "Crime"
      ],
      "actors": [
        "Laurence Fishburne",
        "Halle Berry",
        "Keanu Reeves"
      ],
      "countriesBanned": [
        "Russia"
      ]
    },
    {
      "name": "Titanic",
      "year": 2019,
      "duration": 131,
      "genres": [
        "Action",
        "Thriller",
        "Crime"
      ],
      "actors": [
        "Laurence Fishburne",
        "Halle Berry",
        "Keanu Reeves"
      ],
      "countriesBanned": [
        "Russia"
      ]
    }
  ],
  "actions": [
    {
      "type": "change page",
      "page": "login"
    },
    {
      "type": "on page",
      "feature": "login",
      "credentials": {
        "name": "Eduard",
        "password": "parolamea"
      }
    },
    {
      "type": "change page",
      "page": "register"
    },
    {
      "type": "on page",
      "feature": "register",
      "credentials": {
        "name": "Ramsi",
        "password": "numiplacevelea",
        "accountType": "standard",
        "country": "Ireland",
        "balance": "300"
      }
    },
    {
      "type": "change page",
      "page": "login"
    },
    {
      "type": "on page",
      "feature": "login",
      "credentials": {
        "name": "Ramsi",
        "password": "numiplacevelea"
      }
    },
    {
      "type": "change page",
      "page": "movies"
    },
    {
      "type": "on page",
      "feature": "search",
      "startsWith": "Iubire din serai"
    },
    {
      "type": "on page",
      "feature": "filter",
      "filters": {
        "sort": {
          "rating": "decreasing",
          "duration": "decreasing"
        },
        "contains": {
          "actors": [
            "Keanu Reeves"
          ]
        }
      }
    },
    {
      "type": "change page",
      "page": "logout"
    },
    {
      "type": "change page",
      "page": "login"
    },
    {
      "type": "on page",
      "feature": "login",
      "credentials": {
        "name": "Eduard",
        "password": "nicigand"
      }
    },
    {
      "type": "change page",
      "page": "login"
    },
    {
      "type": "on page",
      "feature": "login",
      "credentials": {
        "name": "Eduard",
        "password": "secret"
      }
    },
    {
      "type": "change page",
      "page": "upgrades"
    },
    {
      "type": "on page",
      "feature": "buy tokens",
      "count": "50"
    },
    {
      "type": "on page",
      "feature": "buy premium account"
    },
    {
      "type": "change page",
      "page": "movies"
    },
    {
      "type": "change page",
      "page": "see details",
      "movie": "AAA"
    },
    {
      "type": "change page",
      "page": "see details",
      "movie": "BBBB"
    },
    {
      "type": "change page",
      "page": "see details",
      "movie": "Titanic"
    },
    {
      "type": "on page",
      "feature": "purchase",
      "movie": "Titanic"
    },
    {
      "type": "on page",
      "feature": "watch",
      "movie": "Titanic"
    },
    {
      "type": "on page",
      "feature": "like",
      "movie": "Titanic"
    },
    {
      "type": "change page",
      "page": "movies"
    },
    {
      "type": "change page",
      "page": "see details",
      "movie": "John Wick: Chapter 3 - Parabellum"
    },
    {
      "type": "on page",
      "feature": "like",
      "movie": "John Wick: Chapter 3 - Parabellum"
    },
    {
      "type": "on page",
      "feature": "rate",
      "movie": "John Wick: Chapter 3 - Parabellum",
      "rate": 5
    },
    {
      "type": "on page",
      "feature": "watch",
      "movie": "John Wick: Chapter 3 - Parabellum"
    },
    {
      "type": "on page",
      "feature": "like",
      "movie": "John Wick: Chapter 3 - Parabellum"
    },
    {
      "type": "on page",
      "feature": "rate",
      "movie": "John Wick: Chapter 3 - Parabellum",
      "rate": 5
    }
  ]
}
